,precision,recall,f1-score,support
0,0.6649260226283725,0.9973890339425587,0.797911227154047,766.0
1,0.3333333333333333,0.0025906735751295338,0.005141388174807198,386.0
accuracy,0.6640625,0.6640625,0.6640625,0.6640625
macro avg,0.49912967798085295,0.49998985375884414,0.40152630766442715,1152.0
weighted avg,0.5538194444444444,0.6640625,0.5322782776349615,1152.0
